  编号,大类,小类,一级标签,二级标签,三级标签,优先级,切片时长,标签说明,触发条件表达式,条件表达式说明
	0-0-0,地图定位,地图,图错,无,无,High,30,地图错误,ZmapStatus::VerifyMapData==0 || ZmapStatus::TunnelInOutLaneAttr==0,bit6(VerifyMapData):数据规格检查；bit7(TunnelInOutLaneAttr):隧道前后道路属性检查，目前没有这位。具体判断条件：1.地图车道类型错误（如主干道路，属性却是Ramp）；2.地图高速主路限速低于80km/h；3.地图车道边线类型错误（如车道线应该是实线或者虚线，但是地图给出虚拟线（nomark）类型）；4.地图车道线（包括中心线）中的形点数目小于2（表现为车道线的缺失）
	0-0-1,地图定位,地图,图无,无,无,Highest,30,无地图,LMStatus::ZmapStatus & 0x00000020==0x00000020 && ADM2PP::SPMode>=3,具体判断条件：定位正常并且该位置存在原始地图数据，bit6(InODD)，但是没有地图元素输出
	0-0-2,地图定位,地图,地图刷新不及时,无,无,Low,30,地图更新跟不上车辆行驶速度,LMStatus::ZmapStatus & 0x00000004==0x00000004,具体判断条件：在定位正常条件下，bit2(RangeTooSmall)，车辆前方加载的地图范围过短
	0-0-3,地图定位,地图,地图鲜度不够,无,无,Medium,30,地图更新跟不上实际道路变化,unknown,具体判断条件：地图长时间与实际场景不符
	0-0-4,地图定位,地图,地图扭曲,无,无,Medium,30,地图本身扭矩，部分路段错位弯曲,ZmapStatus::LaneCenterDegree==0||  ZmapStatus::LaneCenterCurvature==0,bit11(LaneCenterDegree):车道中心线折角检查;bit12(LaneCenterCurvature):车道中心线曲率半径检查（需确认现在是否有这位）;具体判断条件：1.车道形点曲率半径小于250；2.车道中心线形点折与前后形点形成的折角大于150°
	0-0-5,地图定位,地图,地图元素不完整——缺少边界线信息,无,无,Medium,0,标签说明,LMStatus::ZmapStatus & 0x00000008==0x00000008,具体判断条件：1.bit3(LackOfBoundary)，可视化中发现存在明显道路边界线不连接情况（如道路边界线缺失一段）；2.地图车道线缺失(完整情况下lane的左右车道线、中心线都应存在)
	0-0-6,地图定位,地图,地图尺寸异常——车道宽度与实际不符,无,无,Medium,30,标签说明,abs(LaneSampleAssociation_Converter::left_sample+LaneSampleAssociation_Converter::right_sample-3.75)>0.3 || ZmapStatus::LaneWidth==0,bit13(LaneWidth):车道宽度检查（目前无这位）；具体判断条件：车辆存在持续性压线行驶或者始终偏向某一侧行驶
	0-0-7,地图定位,地图,地图偏移,无,无,High,30,定位查出是图偏非定位偏,unknown,具体判断条件：相机显示地图在道路内行驶，可视化、定位显示车辆在地图外
	0-1-0,地图定位,定位,定位错,无,无,High,60,定位不准，可视化与实际有偏差,LMStatus::ZlocStatus & 0x00000001== 0x00000001,具体判断条件：1.错车道；2.车子横着跑等可视化与实际严重不符合现象。bit0(Working)，表达式为定位不工作
	0-1-1,地图定位,定位,图线夹角,无,无,High,60,车辆yaw航向角偏左或偏右,unknown,具体判断条件：借助车辆行驶方向和道路的相对关系进行，可视化车辆行驶方向与道路方向与实际不相符合，待程序逻辑明确后，后续更新表达式
	0-1-2,地图定位,定位,中度偏左,无,无,Medium,60,定位比实际偏左，未超出车道或压线,unknown,具体判断条件：定位与道路相对关系可视化相对实际偏左，如实际在车道内可视化偏车道左侧等，待程序逻辑明确后，后续更新表达式
	0-1-3,地图定位,定位,重度偏左,无,无,High,60,定位比实际偏左，超出车道,unknown,具体判断条件：定位与道路相对关系可视化相对实际偏左，如实际在A车道内，可视化在A车道左侧车道等，待程序逻辑明确后，后续更新表达式
	0-1-4,地图定位,定位,中度偏右,无,无,Medium,60,定位比实际偏右，未超出车道或压线,unknown,具体判断条件：定位与道路相对关系可视化相对实际偏右，如实际在车道内可视化偏车道右侧等，待程序逻辑明确后，后续更新表达式
	0-1-5,地图定位,定位,重度偏右,无,无,High,60,定位比实际偏右，超出车道,unknown,具体判断条件：定位与道路相对关系可视化相对实际偏右，如实际在B车道内，可视化在B车道右侧车道等，待程序逻辑明确后，后续更新表达式
	0-1-6,地图定位,定位,偏出地图,无,无,Highest,60,定位已经飞出地图外,unknown,具体判断条件：车辆实际在地图内部，可视化无地图，待程序逻辑明确后，后续更新表达式
	0-1-7,地图定位,定位,pitch角异常,无,无,High,60,车辆pitch俯仰角偏下或偏上,unknown,具体判断条件：可视化车辆运行方向pitch与道路夹角过大，例如超过15°，待程序逻辑明确后，后续更新表达式
	0-1-8,地图定位,定位,rolling角异常,无,无,High,60,车辆rolling翻滚偏左或偏右,unknown,具体判断条件：可视化车辆绕运行方向roll角夹角过大，例如超过10°，待程序逻辑明确后，后续更新表达式
	0-1-9,地图定位,定位,通道挂,无,无,Highest,60,LM进程无，或pose通道挂,localization/pose::frameratio==0,具体判断条件：定位通道信息缺失或者查看LM进行已经消失
	0-1-10,地图定位,定位,红绿车道线匹配差,无,无,Highest,60,zic感知和融合定位的两条红绿车道线匹配较差，相差较远,abs(abs(zlocvis_msg::zic_info::map_centerline_dis)-abs(drivers/horizon_camera::horizon_data::lane::lka_left_lane::lanemodelc0-drivers/horizon_camera::horizon_data::lane::lka_right_lane::lanemodelc0))>0.2,具体判断条件：定位通道信息缺失或者查看LM进行已经消失
	1-0-0,感知,车辆检测,车无,无,无,Highest,30,未识别
	1-0-1,感知,车辆检测,车迟,无,无,High,30,识别延迟
	1-0-2,感知,车辆检测,车错,无,无,Medium,30,识别错误，误检
	1-0-3,感知,车辆检测,车向偏,无,无,Medium,30,识别车辆与实际朝向不一致
	1-0-4,感知,车辆检测,车位偏,无,无,Medium,30,识别车辆与实际偏了位置，例如前方左侧车道车辆识别到占据了本车道
	1-0-5,感知,车辆检测,车速错,无,无,Medium,30,识别目标速度与实际有较大偏差
	1-1-0,感知,路面障碍检测,路障无,无,无,Highest,30,未识别
	1-1-1,感知,路面障碍检测,路障迟,无,无,High,30,识别延迟
	1-1-2,感知,路面障碍检测,路障误,无,无,Medium,30,识别成了车辆，误检
	1-1-3,感知,路面障碍检测,路障向偏,无,无,Medium,30,识别路障与实际朝向不一致
	1-1-4,感知,路面障碍检测,路障位偏,无,无,Medium,30,识别路障与实际偏了位置，例如前方应急车道路障识别到占据了本车道
	1-1-5,感知,路面障碍检测,路障有速度,无,无,Medium,30,识别静止路障有速度
	1-2-0,感知,识别不稳,识别不稳,无,无,Medium,30,车辆模型伸缩/旋转/闪烁、边框抖动、尺寸突变
	1-2-1,感知,识别不稳,目标分裂,无,无,Medium,30,周围车辆超本车，本车超过超过车辆，或者前方行驶车辆时，可视化即如果分裂成为那个两个目标
	1-3-0,感知,其他,静误感,无,无,Medium,30,静态物体误感知，识别出有速度
	1-3-1,感知,其他,无误感,无,无,Medium,30,实际无其余物体，误感知
	1-3-2,感知,其他,感错位,无,无,Medium,30,感知结果整体平移错位
	1-4-0,感知,自车异常行为,危险变道,无,无,Highest,30,变道过程中，目标车道有障碍车辆，感知未识别
	1-4-1,感知,自车异常行为,变道不执行,无,无,Medium,40,实际无其余物体，误感知
	1-4-2,感知,自车异常行为,无车异刹,无,无,Medium,30,感知结果识别本车道前方有车或有路障
	1-4-3,感知,自车异常行为,有车无减,无,无,Medium,30,感知结果未识别本车道前方低速或静止车，导致未减速
	1-5-0,感知,通道,通道挂,无,无,Highest,30,感知通道帧率不对，一个或几个感知通道挂了
	1-5-1,感知,通道,感知无,无,无,Highest,30,感知通道帧率正常，但可视化部分或全部感知结果突然消失几帧或长时间消失
	1-6-0,感知,激光,误检,无,无,Medium,30,激光感知通道目标错误识别
	1-6-1,感知,激光,漏检,无,无,Medium,30,激光感知通道实际目标漏识别
	1-6-2,感知,激光,迟检,无,无,Medium,30,激光感知通道目标延迟识别
	1-6-3,感知,激光,速度错,无,无,Medium,30,激光感知通道识别目标速度与实际有较大偏差
	1-7-0,感知,毫米波,误检,无,无,Medium,30,毫米波感知通道目标错误识别
	1-7-1,感知,毫米波,漏检,无,无,Medium,30,毫米波感知通道实际目标漏识别
	1-7-2,感知,毫米波,迟检,无,无,Medium,30,毫米波感知通道目标延迟识别
	1-7-3,感知,毫米波,速度错,无,无,Medium,30,毫米波感知通道识别目标速度与实际有较大偏差
	1-8-0,感知,视觉,误检,无,无,Medium,30,视觉感知通道目标错误识别
	1-8-1,感知,视觉,漏检,无,无,Medium,30,视觉感知通道实际目标漏识别
	1-8-2,感知,视觉,迟检,无,无,Medium,30,视觉感知通道目标延迟识别
	1-8-3,感知,视觉,速度错,无,无,Medium,30,视觉感知通道识别目标速度与实际有较大偏差
	2-0-0,预测,轨迹线,预测线错,无,无,Medium,30,预测方向与实际有偏差造成车辆急刹或减速
	2-0-1,预测,轨迹线,预测线无,无,无,Medium,30,本车道或相邻车道目标无预测线
	2-0-2,预测,轨迹线,预测线短,无,无,Low,30,本车道或相邻车道目标预测线过短
	2-0-3,预测,轨迹线,预测线长,无,无,Low,30,本车道或相邻车道目标预测线过长
	2-0-4,预测,轨迹线,预测线多,无,无,Medium,30,本车道或相邻车道目标预测线过多
	2-0-5,预测,轨迹线,静止目标有预测线,无,无,Medium,30,如应急车道静止目标有预测线
	3-0-0,规划,轨迹,自车轨迹异常,无,无,Highest,30,自车规划线异常/不合理等，例如规划线往左上角延伸，规划轨迹跳变严重,unknown,具体判断条件：自车规划线异常/不合理等，待程序逻辑明确后，后续更新表达式
	3-0-1,规划,轨迹,无规划轨迹,无,无,Highest,30,规划线消失，PP通道无,planning::Frameratio==0 || prediction::Frameratio==0,PP通道信息缺失
	3-0-2,规划,轨迹,自车轨迹滞留,无,无,High,40,已重新规划轨迹，但轨迹线仍保留上次轨迹，例如变道取消后，自车直行，轨迹线却还一直呈现变道轨迹,unknown,具体判断条件：已重新规划轨迹，但轨迹线仍保留上次轨迹，待程序逻辑明确后，后续更新表达式
	3-1-0,规划,巡航行为,跟无减,无,无,Highest,40,跟车太近无减速迹象,unknown,具体判断条件：跟车距离小于安全跟车距离，自车不减速，待程序逻辑明确后，后续更新表达式
	3-1-1,规划,巡航行为,切无减,无,无,Highest,30,旁边大车cut-in，自车无减速迹象,unknown,具体判断条件：大车低速cutin，自车无减速，待程序逻辑明确后，后续更新表达式
	3-1-2,规划,巡航行为,无车异刹,无,无,High,30,前方感知与实际无车辆，车辆异常刹车减速,unknown,具体判断条件：感知与实际前方无车，车辆异常减速，待程序逻辑明确后，后续更新表达式
	3-1-3,规划,巡航行为,有车异刹,无,无,Medium,30,前方感知与实际有车辆，但距离过远或在旁侧道路，车辆异常刹车,unknown,具体判断条件：感知前方远距离或旁侧道路有车，无误检或障碍物侵道，异常刹车，待程序逻辑明确后，后续更新表达式
	3-1-4,规划,巡航行为,跟车距离过远,无,无,Low,40,自车与前车超过安全车距仍未加速跟近,unknown,具体判断条件：自车与前车超过安全车距仍未加速跟近，待程序逻辑明确后，后续更新表达式
	3-1-5,规划,巡航行为,跟车不平稳,无,无,Medium,60,跟车距离下距离不稳定时远时近，或跟车过程中点刹、加减速不平顺,unknown,具体判断条件：跟车距离下距离不稳定时远时近，或跟车过程中点刹、加减速不平顺，待程序逻辑明确后，后续更新表达式
	3-1-6,规划,巡航行为,跟变速车不相应变速,无,无,Medium,60,跟车过程中，前车加速减速，自车不相应加速减速，仍保持初始跟车速度行驶,unknown,具体判断条件：跟车过程中，前车加速减速，自车不相应加速减速，仍保持初始跟车速度行驶，待程序逻辑明确后，后续更新表达式
	3-1-7,规划,巡航行为,跟车停止不制动,无,无,Highest,30,跟随前方车辆直至停止，自车不停止，有碰撞风险,unknown,具体判断条件：跟随前方车辆直至停止，自车不停止，有碰撞风险，待程序逻辑明确后，后续更新表达式
	3-1-8,规划,巡航行为,跟车起步不执行,无,无,Medium,60,跟随前方车辆停止后，前车在短时间内（规范要求）起步，自车不起步,unknown,具体判断条件：跟随前方车辆停止后，前车在短时间内（规范要求）起步，自车不起步，待程序逻辑明确后，后续更新表达式
	3-1-9,规划,巡航行为,限速区域未减速,无,无,Medium,40,车辆经过低于设定车速的限速区域，自车未减速,unknown,具体判断条件：车辆经过低于设定车速的限速区域，自车未减速，待程序逻辑明确后，后续更新表达式
	3-2-0,规划,变道行为,危险变道,无,无,Highest,30,变道侧后方（纵向＜20m？）存在车辆，拨杆后，自车仍执行变道，认为存在碰撞恐慌,unknown,具体判断条件：下发变道指令侧后方存在车辆，仍执行危险变道，待程序逻辑明确后，后续更新表达式
	3-2-1,规划,变道行为,不合理变道,无,无,High,40,变道侧为实线或者存在车辆时，拨杆后，本车仍执行变道,unknown,具体判断条件：下发变道指令有碰撞风险或者实线变道，待程序逻辑明确后，后续更新表达式
	3-2-2,规划,变道行为,拨杆变道不执行,无,无,High,40,满足变道场景，拨杆后自车不变道,unknown,具体判断条件：满足变道场景，拨杆后自车不变道，待程序逻辑明确后，后续更新表达式
	3-2-3,规划,变道行为,连续变道,无,无,High,30,可变道场景（非必须连变多车道场景），单次拨杆变道任务，自车连续变道两次,unknown,具体判断条件：非必须连变多车道场景，单次拨杆变道任务，自车连续变道两次，待程序逻辑明确后，后续更新表达式
	3-2-4,规划,变道行为,变道等待时间过长,无,无,Low,60,可变道场景，自车等待时间过长,unknown,具体判断条件：可变道场景，自车等待时间过长，待程序逻辑明确后，后续更新表达式
	3-2-5,规划,变道行为,循迹变道失败,无,无,Medium,30,车道数量变少变多或汇入主干道时需要变道时未执行变道，或变道不成功，或压了禁止行驶区域,unknown,具体判断条件：车道数量变少变多或汇入主干道时需要变道时未执行变道，或变道不成功，或压了禁止行驶区域，待程序逻辑明确后，后续更新表达式
	3-2-6,规划,变道行为,变道中断恢复失败,无,无,Low,60,车辆因其他原因执行了变道抑制，但抑制条件消失后，仍处于拨杆状态，车辆不再执行变道,unknown,具体判断条件：车辆因其他原因执行了变道抑制，但抑制条件消失后，仍处于拨杆状态，车辆不再执行变道，待程序逻辑明确后，后续更新表达式
	3-3-0,规划,避障行为,道内避障未执行,无,无,Medium,30,相邻车道有大型车辆或相邻车道车辆行驶时靠近主车车道边线或本车道内有障碍物，但占据车道部分较少，有碰撞风险时，自车不执行建立中心线的避障,unknown,具体判断条件：相邻车道有大型车辆或相邻车道车辆行驶时靠近主车车道边线或本车道内有障碍物，有碰撞风险时，自车不执行建立中心线的避障，待程序逻辑明确后，后续更新表达式
	3-3-1,规划,避障行为,道内避障幅度过小,无,无,Medium,30,道内避障执行了，但仍有碰撞风险,unknown,具体判断条件：道内避障执行了，但仍有碰撞风险，待程序逻辑明确后，后续更新表达式
	3-3-2,规划,避障行为,道内避障幅度过大,无,无,Medium,30,道内避障执行了，但压了车道线甚至出了本车道,unknown,具体判断条件：道内避障执行了，但压了车道线甚至出了本车道，待程序逻辑明确后，后续更新表达式
	3-4-0,规划,制动行为,碰撞风险不制动,无,无,Highest,30,前方已识别障碍物且有碰撞风险，自车无制动行为,unknown,具体判断条件：前方已识别障碍物且有碰撞风险，自车无制动行为，待程序逻辑明确后，后续更新表达式
	3-4-1,规划,制动行为,制动距离过近,无,无,High,30,前方障碍物且有碰撞风险，自车离很近距离才有制动行为,unknown,具体判断条件：前方障碍物且有碰撞风险，自车离很近距离才有制动行为，待程序逻辑明确后，后续更新表达式
	3-4-2,规划,制动行为,制动距离过远,无,无,Low,30,前方障碍物但无碰撞风险或障碍物很远，自车在远超安全距离情况下就发生制动行为,unknown,具体判断条件：前方障碍物但无碰撞风险或障碍物很远，自车在远超安全距离情况下就发生制动行为，待程序逻辑明确后，后续更新表达式
	4-0-0,控制,车道纵向保持,制动过重,无,无,High,30,应该制动但制动时体感不舒适,(ControlDebugMCU2SOC::adm_iaccmode>=6 ||ControlDebugMCU2SOC::adm_spmode>=5) &&chassis::longitude_acc<-1 && mean(chassis::longitude_acc)<-0.5,判断条件：2s内纵向加速度峰值chassis::longitude_acc<-1m/s²，平均值小于-0.5m/s²，先触发峰值条件，然后计算这一帧之后的2s内的平均值，具体表达式逻辑待定
	4-0-1,控制,车道纵向保持,制动不连续,无,无,Medium,30,包含制动不连续，顿挫、点刹等,(ControlDebugMCU2SOC::adm_iaccmode>=6 ||ControlDebugMCU2SOC::adm_spmode>=5) &&chassis::longitude_acc<-0.5m/s² && mean(chassis::longitude_acc)>-0.2,判断条件：2s内纵向加速度峰值chassis::longitude_acc<-0.5m/s²，平均值大于-0.2m/s²，先触发峰值条件，然后计算这一帧之后的2s内的平均值，具体表达式逻辑待定
	4-0-2,控制,车道纵向保持,未达设定速度,无,无,High,30,持续未达到系统设定限速，包含莫名的低速行驶、实际车速达不到巡航设定速度、地图限速等,ControlDebugMCU2SOC::crm_spderr>1.4 && abs(chassis::longitude_acc)<0.3,判断条件：ControlDebugMCU2SOC::crm_spderr>1.4m/s并且|chassis::longitude_acc|<0.3m/s²
	4-0-3,控制,车道纵向保持,急加速,无,无,High,30,包含自车加速不平稳、车上主观感受突然后仰,(ControlDebugMCU2SOC::adm_iaccmode>=6 ||ControlDebugMCU2SOC::adm_spmode>=5) &&unknown,判断条件：(ControlDebugMCU2SOC::adm_iaccmode>=6 ||ControlDebugMCU2SOC::adm_spmode>=5) &&加速度变化率超过一定值1m/s³，任意1s内chassis::longitude_acc的所有差值最大超过1时触发，具体表达式逻辑待定
	4-0-4,控制,车道纵向保持,加速过慢,无,无,Low,30,自车加速时间过于缓慢，异于常规加速,ControlDebugMCU2SOC::crm_spderr>1.4&&chassis::longitude_acc<0.5&&chassis::longitude_acc>0,判断条件：ControlDebugMCU2SOC::crm_spderr>1.4m/s并且0.5<chassis::longitude_acc<0.5m/s²
	4-0-5,控制,车道纵向保持,加速不连续,无,无,Medium,30,加速过程中不平滑，加速有顿挫感,(ControlDebugMCU2SOC::adm_iaccmode>=6 ||ControlDebugMCU2SOC::adm_spmode>=5) &&unknown,判断条件：(ControlDebugMCU2SOC::adm_iaccmode>=6 ||ControlDebugMCU2SOC::adm_spmode>=5) &&1s内纵向加速度由chassis::longitude_acc>0.2m/s²变为chassis::longitude_acc<-0.2m/s²，先触发其中一个条件，然后获取这一帧之后的1s内的所有值，存在满足另一个条件即满足此标签，具体表达式逻辑待定
	4-0-6,控制,车道纵向保持,莫名松油门,无,无,Medium,30,无明显原因油门松开，自车滑行,ControlDebugMCU2SOC::adm_coastflag=1,判断条件：ControlDebugMCU2SOC::adm_coastflag=1
	4-0-7,控制,车道纵向保持,跟车不稳,无,无,Medium,30,跟车距离下距离不稳定时远时近，或跟车过程中点刹、加减速不平顺,unknown,判断条件：跟车状态下adm_iaccmode=7，1s内纵向加速度由chassis::longitude_acc>0.2m/s²变为chassis::longitude_acc<-0.2m/s²或者由chassis::longitude_acc<-0.2m/s²变为chassis::longitude_acc>0.2m/s²，先触发其中一个条件，然后获取这一帧之后的1s内的所有值，存在满足另一个条件的情况即满足此标签，具体表达式逻辑待定
	4-0-8,控制,车道纵向保持,弯道控速失败,无,无,Medium,30,包含曲率限速未生效、不同曲率半径下自车的限速不合理、减速过慢等，弯道速度过快,abs(chassis::yaw_rate)>0.05,判断条件：|chassis::yaw_rate|>0.05rad/s，其他条件待定
	4-0-9,控制,车道纵向保持,超过设定速度,无,无,High,30,持续远超系统设定限速（超5km/h以上），特指车辆以超过巡航设定速度、地图限速的某一定速行驶，不包含持续加速现象等,ControlDebugMCU2SOC::crm_spderr<-1.4 && abs(chassis::longitude_acc)<0.3,判断条件：ControlDebugMCU2SOC::crm_spderr<-1.4并且|chassis::longitude_acc|<0.3m/s²
	4-0-10,控制,车道纵向保持,平地定速行驶不稳,无,无,Medium,40,平地场景车辆在设定速度上下范围内波动，车辆行驶造成体感不舒适等,(ControlDebugMCU2SOC::adm_iaccmode==6 ||ControlDebugMCU2SOC::adm_spmode==5) && abs(ControlDebugMCU2SOC::crm_spderr)<1.4&&unknown,判断条件：1s内纵向加速度由chassis::longitude_acc>0.2m/s²变为chassis::longitude_acc<-0.2m/s²或者由chassis::longitude_acc<-0.2m/s²变为chassis::longitude_acc>0.2m/s²，先触发其中一个条件，然后获取这一帧之后的1s内的所有值，存在满足另一个条件即满足此标签，具体表达式逻辑待定
	4-0-11,控制,车道纵向保持,坡道定速行驶不稳,无,无,Low,40,坡道场景车辆在设定速度上下范围内波动，车辆行驶造成体感不舒适等,(ControlDebugMCU2SOC::adm_iaccmode==6 ||ControlDebugMCU2SOC::adm_spmode==5) &&unknown,判断条件：坡道abs(zmap_msg::map::lane::slope::value)>=2 && abs(zmap_msg::map::lane::slope::value)<=7，1s内纵向加速度由chassis::longitude_acc>0.2m/s²变为chassis::longitude_acc<-0.2m/s²或者由chassis::longitude_acc<-0.2m/s²变为chassis::longitude_acc>0.2m/s²，先触发其中一个条件，然后获取这一帧之后的1s内的所有值，存在满足另一个条件即满足此标签，具体表达式逻辑待定
	4-1-0,控制,车道横向保持,中度偏左,无,无,Medium,30,定位正常，未超出车道或压线，尤其是在道路向右弯曲情况下,ControlDebugMCU2SOC::crm_laterr>0.25 && ControlDebugMCU2SOC::crm_laterr<0.4,判断条件：ControlDebugMCU2SOC::crm_laterr>0.25m并且ControlDebugMCU2SOC::crm_laterr<0.4m
	4-1-1,控制,车道横向保持,重度偏左,无,无,High,30,定位正常，超出车道，尤其是在道路向右弯曲情况下,ControlDebugMCU2SOC::crm_laterr>=0.4,判断条件：ControlDebugMCU2SOC::crm_laterr>=0.4m
	4-1-2,控制,车道横向保持,中度偏右,无,无,Medium,30,定位正常，未超出车道或压线，尤其是在道路向右弯曲情况下,ControlDebugMCU2SOC::crm_laterr<-0.25 && ControlDebugMCU2SOC::crm_laterr>-0.4,判断条件：ControlDebugMCU2SOC::crm_laterr<-0.25m并且ControlDebugMCU2SOC::crm_laterr>-0.4m
	4-1-3,控制,车道横向保持,重度偏右,无,无,High,30,定位正常，超出车道，尤其是在道路向右弯曲情况下,ControlDebugMCU2SOC::crm_laterr<=-0.4,判断条件：ControlDebugMCU2SOC::crm_laterr<=-0.4m
	4-1-4,控制,车道横向保持,两侧车辆碰撞恐慌,无,无,Highest,30,自车车道偏离与两侧车辆碰撞恐慌,abs(ControlDebugMCU2SOC::crm_laterr)>0.2 && unknown,判断条件：|ControlDebugMCU2SOC::crm_laterr|>0.2m并且自车距相邻车道障碍物小于0.8m，具体表达式逻辑待定
	4-1-5,控制,车道横向保持,道路边缘碰撞恐慌,无,无,Highest,30,自车车道偏离与道路边缘碰撞恐慌,abs(ControlDebugMCU2SOC::crm_laterr)>0.2,判断条件：|ControlDebugMCU2SOC::crm_laterr|>0.2m，并且自车距道路边缘小于0.5m
	4-1-6,控制,车道横向保持,莫名换道,无,无,Highest,30,自车无故进入其他车道,drivers/horizon_camera::horizon_data::lane::lka_left_lane::lanecrossing == LANECROSSING_TRUE || drivers/horizon_camera::horizon_data::lane::lka_RIGHT_lane::lanecrossing==LANECROSSING_TRUE,判断条件：通过ZIC中的LaneCrossing_Left=1或者LaneCrossing_Right=1判断
	4-1-7,控制,车道横向保持,车身晃动,无,无,Medium,30,短暂的偏离一下或者两下,abs(ControlDebugMCU2SOC::crm_laterr)>0.25,判断条件：ControlDebugMCU2SOC::crm_laterr>0.25m，具体表达式逻辑待定
	4-1-8,控制,车道横向保持,画龙,无,无,High,30,较长距离的本车道内沿车道中心线来回晃，甚至压左右车道线,unknown,判断条件：10s之内出现ControlDebugMCU2SOC::crm_laterr>0.2m和ControlDebugMCU2SOC::crm_laterr<-0.2m，先触发满足其中一个峰值条件，然后计算这一帧之后的10s内所有帧的值，这些值有同时满足这两个条件的即可，具体表达式逻辑待定
	4-2-0,控制,感受-方向盘,方向盘急打,无,无,High,30,方向盘急打/猛打,abs(chassis::steering_angle_velocity)>1.4,判断条件：|chassis::steering_angle_velocity|>1.4rad/s
	4-2-1,控制,感受-方向盘,方向盘摆动,无,无,Low,30,小幅度摆动、抖动,unknown,判断条件：具体表达式逻辑待定
	4-2-2,控制,感受-方向盘,方向盘不动,无,无,High,30,方向盘静止不动，横向不控制,unknown,判断条件：目标方向盘角度(ControlDebugMCU2SOC::latctrl_tarstrwhlangl)和实际方向盘角度(chassis::steering_percentage*TBD)差值大于10度，具体表达式逻辑待定
	4-3-0,控制,变道,请转规划——危险变道,无,无,Highest,30,变道侧后方（纵向＜20m？）存在车辆，拨杆后，自车仍执行变道，认为存在碰撞恐慌,unknown,判断条件：自车开始变道时，变道侧后方车辆距离小于20m
	4-3-1,控制,变道,请转规划——不合理变道,无,无,High,40,变道侧为实线或者存在车辆时，拨杆后，本车仍执行变道,unknown,判断条件：自车开始变道时，变道侧车道线为实线
	4-3-2,控制,变道,请转规划——变道不执行,无,无,High,40,满足变道场景，拨杆后自车不变道,ADMInfoMCU2SOC::DrvrLaneChangeReq=1 && (ADMInfoSOC2MCU::LaneChangeCondition = 0 && end_time-start_time = 3),判断条件：ADMInfoMCU2SOC::DrvrLaneChangeReq=1并且（ADMInfoSOC2MCU.LaneChangeCondition=0时间超过3s）
	4-3-3,控制,变道,转向幅度过大,无,无,Medium,30,拨杆后，变道时幅度过大以至于贴线甚至压线,abs(ControlDebugMCU2SOC::crm_laterr)>4,判断条件：|ControlDebugMCU2SOC::crm_laterr|>4m
	4-3-4,控制,变道,转向过急,无,无,Medium,30,拨杆后，变道或变道返回方向转向过快,abs(chassis::steering_angle_velocity)>1.4,判断条件：|chassis::steering_angle_velocity|>1.4rad/s
	4-3-5,控制,变道,变道不打转向灯,无,无,Medium,30,更换车道时未打转向灯,drivers/horizon_camera::horizon_data::lane::lka_left_lane::lanecrossing == LANECROSSING_TRUE && chassis::left_turn_signal=0 || drivers/horizon_camera::horizon_data::lane::lka_RIGHT_lane::lanecrossing==LANECROSSING_TRUE && chassis::right_turn_signal=0,判断条件：（通过ZIC中的LaneCrossing_Left=1或者LaneCrossing_Right=1）并且chassis::left_turn_signal=0或chassis::right_turn_signal=0
	4-3-6,控制,变道,请转规划——连续变道,无,无,High,30,可变道场景（非必须连变多车道场景），单次拨杆变道任务，自车连续变道两次,unknown,判断条件：20s内ADMInfoMCU2SOC::DrvrLaneChangeReq出现一次从0变为1，LaneCrossing_Left出现两次从0变为1或者LaneCrossing_Right出现两次从0变为1，先判断ADMInfoMCU2SOC::DrvrLaneChangeRe变成0，然后计算之后20s内出现LaneCrossing_Left或LaneCrossing_Right的次数，具体表达式逻辑待定
	4-3-7,控制,变道,请转规划——等待时间过长,无,无,Low,60,可变道场景，自车等待时间过长,ADMInfoMCU2SOC::DrvrLaneChangeReq=1 && (ADMInfoSOC2MCU.LaneChangeCondition=0 && end_time-start_time = 5),判断条件：ADMInfoMCU2SOC::DrvrLaneChangeReq=1并且（ADMInfoSOC2MCU.LaneChangeCondition=0时间超过5s）
	4-3-8,控制,变道,晃动,无,无,Medium,30,变道时，自车出现晃动现象,unknown,判断条件：具体表达式逻辑待定
	4-4-0,控制,功能交互,交互设置未生效,无,无,Highest,30, 按SP键或iACC键，车辆无法进入相应功能状态,ControlDebugMCU2SOC::tin_accmodeswt=1 &&ControlDebugMCU2SOC::adm_iaccmode!=6 || ControlDebugMCU2SOC::tin_spmodeSwt=1 && ControlDebugMCU2SOC::adm_spmode!=5,判断条件：（MSW_ACCModeSwitch=1并且ControlDebugMCU2SOC::adm_iaccmode!=6）或者（ControlDebugMCU2SOC::adm_spmode!=5）
	4-4-1,控制,功能交互,车辆完全无控制,无,无,High,30,可视化显示进入SP键或iACC状态，但车辆仍靠惯性向前行驶,(ControlDebugMCU2SOC::adm_iaccmode==6 ||ControlDebugMCU2SOC::adm_spmode==5) && ControlDebugMCU2SOC::crm_spderr>1.4 && chassis::longitude_accl < -0.3,判断条件：（ControlDebugMCU2SOC::adm_iaccmode=6或者ControlDebugMCU2SOC::adm_spmode=5）并且ControlDebugMCU2SOC::CRM_spderr>1.4m/s并且chassis::longitude_accl<-0.3m/s²
	4-4-2,控制,功能交互,无法退出功能,无,无,Highest,30,按off键或者踩刹车，无法退出SP键或iACC功能,(ControlDebugMCU2SOC::tin_accoffswt=1 || chassis::brake_percentage>10) && (ControlDebugMCU2SOC::adm_iaccmode>=6 || ControlDebugMCU2SOC::adm_spmode>=5),判断条件：（MSW_OFFSwitch=1或者chassis::brake_percentage>10）并且（ControlDebugMCU2SOC::adm_iaccmode>=6或者ControlDebugMCU2SOC::adm_spmode>=5）
	4-4-3,控制,功能交互,启动时间过长,无,无,Low,30,启动时间过长,unknown,判断条件：具体表达式逻辑待定
	4-4-4,控制,功能交互,莫名降级,无,无,High,30,莫名从SP功能降至IACC功能或者发生SP降级,unknown,判断条件：（上一帧ControlDebugMCU2SOC::adm_spmode>=5并且当前帧ControlDebugMCU2SOC::adm_iaccmode=6并且ControlDebugMCU2SOC::adm_spmode<5），具体表达式逻辑待定
	4-4-5,控制,功能交互,HMI显示异常,无,无,Medium,30,仪表显示跟实际不匹配等问题,unknown,判断条件：具体表达式逻辑待定
	4-4-6,控制,功能交互,车辆横向无控制,无,无,High,30,可视化显示进入SP状态，但车辆横向无控制，不保存车道内行驶，方向盘不动,unknown,判断条件：目标方向盘角度(ControlDebugMCU2SOC::latctrl_tarstrwhlangl)和实际方向盘角度(chassis::steering_percentage*TBD)差值大于10度，具体表达式逻辑待定
	4-4-7,控制,功能交互,车速失控,无,无,Highest,30,可视化显示进入SP键或iACC状态，但车辆一直持续加速，造成乘车人员恐慌,(ControlDebugMCU2SOC::adm_iaccmode=6||ControlDebugMCU2SOC::adm_spmode=5)&&ControlDebugMCU2SOC::crm_spderr<-1.4 && chassis::longitude_acc>0.5),判断条件：（ControlDebugMCU2SOC::adm_iaccmode=6或者ControlDebugMCU2SOC::adm_spmode=5）并且ControlDebugMCU2SOC::crm_spderr<-1.4并且chassis::longitude_acc>0.5m/s²
	4-4-8,控制,功能交互,人工干预失效,无,无,Highest,30,人工掌控方向盘或刹车或油门等均失效，造成驾乘人员恐慌,(chassis::throttle_percentage>50 && chassis::longitude_acc<0.5)||(chassis::brake_percentage>50 && chassis::longitude_acc>-0.5),判断条件：（chassis::throttle_percentage>50并且chassis::longitude_acc<0.5m/s²）或者（chassis::brake_percentage>50并且chassis::longitude_acc>-0.5m/s²）
	4-5-0,控制,其他不合理,其他不合理,无,无,Highest,30,其他不合理情况,unknown,待后续更新
	5-0-0,正常接管,正常,,无,无,Lowest,30,适用于正常干预情况，比如自检、终点、误解管等,SPMode＜5 && iACCMode＜6 && dist（perception/obstacles::perception_obstacle:[]::position,localization/pose::pose::position）>20,伪代码
	5-1-0,正常接管,防御性接管,,无,无,Lowest,30,用于防御性接管,SPMode＜5 && iACCMode＜6 && dist（perception/obstacles::perception_obstacle:[]::position,localization/pose::pose::position）<10 && (abs(canbus/chassis::brake_percentage)>50%||abs(canbus/chassis::steering_angle)>1.571||abs(canbus/chassis::steering_angle_velocity)>0.25)),伪代码
	6-0-0,系统,硬件挂断,,无,无,Highest,30,电源线掉了，相机通道挂了等,sensor/camera/*::frameratio==0||sensor/radar/*::frameratio==0||h2pu/*::frameratio==0||drivers/horizon_camera::frameratio==0
	6-1-0,系统,占用过高,,无,无,Medium,30,kernel占用过高等,user>60%||keenel>2%,非cyber_monitor通道
	6-3-0,系统,系统重置,,无,无,Highest,30,MCU重置导致所有通道挂了然后几分钟后正常等,/*::frameratio==0,所有通道帧率为0
	7-0-0,异常接管,异常接管,异常接管,无,无,Highest,30,异常接管,(em_lv1degrd=1||em_lv2degrd=1||em_lv3degrd=1||em_lv4degrd=1) && SPMode＜5 && iACCMode＜6,目前异常接管先只考虑不应引发功能降级的场景但实际上触发了的情况，但目前表达式为区别触发顺序，同时也没有定义这种异常情况，待后续更新
	8-0-0,自车行为用例,无目标车巡航,直道定速行驶,无,无,Lowest,60,按设定速度直线行驶,unknown,待程序逻辑明确后，后续更新表达式
	8-0-1,自车行为用例,无目标车巡航,限速巡航,无,无,Lowest,60,以设定车速匀速直线驶向限速牌，道路限速标志小于设定车速,unknown,待程序逻辑明确后，后续更新表达式
	8-0-2,自车行为用例,无目标车巡航,弯道适应（车速调整）,无,无,Lowest,60,无跟车目标行驶在弯道上，车辆根据道路曲率及自身参数调整安全车速,unknown,待程序逻辑明确后，后续更新表达式
	8-1-0,自车行为用例,跟车巡航,直道跟车匀速行驶,无,无,Lowest,60,标签说明,unknown,暂不重要，待程序逻辑明确后，后续更新表达式
	8-1-1,自车行为用例,跟车巡航,直道跟车加速,无,无,Lowest,60,标签说明,unknown,暂不重要，待程序逻辑明确后，后续更新表达式
	8-1-2,自车行为用例,跟车巡航,直道跟车减速,无,无,Lowest,60,标签说明,unknown,暂不重要，待程序逻辑明确后，后续更新表达式
	8-1-3,自车行为用例,跟车巡航,交通拥堵,无,无,Low,60,标签说明,count(perception/obstacles::perception_obstacle)>= 20,伪代码
	8-2-0,自车行为用例,限速跟车巡航,直线跟车行驶,无,无,Lowest,60,标签说明,unknown,暂不重要，待程序逻辑明确后，后续更新表达式
	8-2-1,自车行为用例,限速跟车巡航,弯道适应值小于跟车车速,无,无,Lowest,60,标签说明,unknown,待程序逻辑明确后，后续更新表达式
	8-2-2,自车行为用例,限速跟车巡航,弯道适应值大于跟车车速,无,无,Lowest,60,标签说明,unknown,待程序逻辑明确后，后续更新表达式
	8-3-0,自车行为用例,车道中心保持,清晰车道线,无,无,Lowest,60,标签说明,unknown,暂不重要，待程序逻辑明确后，后续更新表达式
	8-3-1,自车行为用例,车道中心保持,部分车道不清晰或缺失时，甚至部分无车道线的路段,无,无,Lowest,60,标签说明
	8-3-2,自车行为用例,车道中心保持,单侧车道线缺失，或双侧车道线短距离缺失，甚至部分无车道线的路段,无,无,Low,60,标签说明
	8-3-3,自车行为用例,车道中心保持,车轮压过当前车道后横向纠偏,无,无,Lowest,40,标签说明
	8-4-0,自车行为用例,拨杆变道,向左变道,无,无,Lowest,30,标签说明,SPMode==6
	8-4-1,自车行为用例,拨杆变道,向右变道,无,无,Lowest,30,标签说明,SPMode==7
	8-5-0,自车行为用例,车辆循迹变道,目标车道无车,无,无,Lowest,60,标签说明,unknown,待程序逻辑明确后，后续更新表达式
	8-5-1,自车行为用例,车辆循迹变道,目标车道侧后方有车,无,无,Lowest,60,标签说明,unknown,待程序逻辑明确后，后续更新表达式
	8-5-2,自车行为用例,车辆循迹变道,目标车道侧前方有车,无,无,Lowest,60,标签说明,unknown,待程序逻辑明确后，后续更新表达式
	8-6-0,自车行为用例,超车变道,前车持续低速,无,无,Lowest,60,标签说明,unknown,待程序逻辑明确后，后续更新表达式
	8-6-1,自车行为用例,超车变道,前车加速,无,无,Lowest,60,标签说明,unknown,待程序逻辑明确后，后续更新表达式
	8-6-2,自车行为用例,超车变道,前车减速至停车,无,无,Lowest,60,标签说明,unknown,待程序逻辑明确后，后续更新表达式
	8-7-0,自车行为用例,避障变道,巡航行驶中避障变道,无,无,Lowest,60,主车车道前方有静止障碍物,unknown,待程序逻辑明确后，后续更新表达式
	8-7-1,自车行为用例,避障变道,跟停后起步变道,无,无,Lowest,60,主车车道前方大于5m处静止停靠一辆目标车，并超过6min，且临侧车道满足变道条件,unknown,待程序逻辑明确后，后续更新表达式
	8-8-0,自车行为用例,远程变道,云端下发变道指令,无,无,Lowest,60,标签说明,unknown,待程序逻辑明确后，后续更新表达式
	8-9-0,自车行为用例,变道中途取消,目标车道前车减速,无,无,Low,90,标签说明,unknown,待程序逻辑明确后，后续更新表达式
	8-9-1,自车行为用例,变道中途取消,目标车道后车加速,无,无,Low,90,标签说明,unknown,待程序逻辑明确后，后续更新表达式
	8-9-2,自车行为用例,变道中途取消,目标车道有cut-in的前车,无,无,Low,90,标签说明,unknown,待程序逻辑明确后，后续更新表达式
	8-9-3,自车行为用例,变道中途取消,目标车道有cut-in的后车,无,无,Low,90,标签说明,unknown,待程序逻辑明确后，后续更新表达式
	8-9-4,自车行为用例,变道中途取消,实线道路,无,无,Lowest,30,标签说明,unknown,待程序逻辑明确后，后续更新表达式
	8-9-5,自车行为用例,变道中途取消,目标车道出现障碍物,无,无,Low,60,标签说明,unknown,待程序逻辑明确后，后续更新表达式
	8-9-6,自车行为用例,变道中途取消,目标车道感知不到双侧车道线,无,无,Low,60,标签说明,unknown,待程序逻辑明确后，后续更新表达式
	8-9-7,自车行为用例,变道中途取消,人工触发另一侧转向灯信号,无,无,Low,60,标签说明,unknown,待程序逻辑明确后，后续更新表达式
	8-10-0,自车行为用例,变道中断恢复,向左变道中断后继续变道,无,无,Low,90,标签说明,unknown,待程序逻辑明确后，后续更新表达式
	8-10-1,自车行为用例,变道中断恢复,向右变道中断后继续变道,无,无,Low,90,标签说明,unknown,待程序逻辑明确后，后续更新表达式
	8-11-0,自车行为用例,本车道内避障,本车道内避障绕行,无,无,Lowest,30,标签说明,unknown,待程序逻辑明确后，后续更新表达式
	8-11-1,自车行为用例,本车道内避障,本车道内避让停车,无,无,Lowest,30,标签说明,unknown,待程序逻辑明确后，后续更新表达式
	8-12-0,自车行为用例,触发AEB,车-车紧急制动,无,无,Medium,30,标签说明,unknown,待程序逻辑明确后，后续更新表达式
	8-12-1,自车行为用例,触发AEB,车-VRU紧急制动,无,无,Medium,30,标签说明,unknown,待程序逻辑明确后，后续更新表达式
	8-13-0,自车行为用例,本车由主干道驶入匝道,主车从主干道最右侧车道驶入匝道,无,无,Lowest,90,标签说明,unknown,待程序逻辑明确后，后续更新表达式
	8-13-1,自车行为用例,本车由主干道驶入匝道,主车从主干道非最右侧车道驶入匝道,无,无,Lowest,90,标签说明,unknown,待程序逻辑明确后，后续更新表达式
	8-13-2,自车行为用例,本车由主干道驶入匝道,邻车道（目标匝道的同一车道）干扰车辆一直在目标车道干扰,无,无,Lowest,90,标签说明,unknown,待程序逻辑明确后，后续更新表达式
	8-14-0,自车行为用例,本车由匝道驶入主干道,主干道前加速车道前方无车&主干路侧后方无车,无,无,Lowest,60,标签说明,unknown,待程序逻辑明确后，后续更新表达式
	8-14-1,自车行为用例,本车由匝道驶入主干道,主干道前加速车道前方有车&主干路侧后方无车,无,无,Lowest,90,标签说明,unknown,待程序逻辑明确后，后续更新表达式
	8-14-2,自车行为用例,本车由匝道驶入主干道,主干道前加速车道前方无车&主干路侧后方有车,无,无,Lowest,90,标签说明,unknown,待程序逻辑明确后，后续更新表达式
	8-14-3,自车行为用例,本车由匝道驶入主干道,主干路拥堵,无,无,Lowest,90,标签说明
	8-15-0,自车行为用例,前方匝道汇入,主干道自车前方无车&匝道自车前方低速车辆&匝道自车后方低速车辆,无,无,Lowest,60,标签说明,planning::debug_data::scenario_info::ramp_merge_scenario == 0,当前没有scenario_info::ramp_merge_scenario结构体定义，后续会补充
	8-15-1,自车行为用例,前方匝道汇入,主干道自车前方无车&匝道自车前方低速车辆&匝道自车后方高速车辆,无,无,Lowest,60,标签说明,planning::debug_data::scenario_info::ramp_merge_scenario == 1,当前没有scenario_info::ramp_merge_scenario结构体定义，后续会补充
	8-15-2,自车行为用例,前方匝道汇入,主干道自车前方无车&匝道自车前方高速车辆&匝道自车后方低速车辆,无,无,Lowest,60,标签说明,planning::debug_data::scenario_info::ramp_merge_scenario == 2,当前没有scenario_info::ramp_merge_scenario结构体定义，后续会补充
	8-15-3,自车行为用例,前方匝道汇入,主干道自车前方无车&匝道自车前方高速车辆&匝道自车后方高速车辆,无,无,Lowest,60,标签说明,planning::debug_data::scenario_info::ramp_merge_scenario == 3,当前没有scenario_info::ramp_merge_scenario结构体定义，后续会补充
	8-15-4,自车行为用例,前方匝道汇入,主干道自车前方有车&匝道自车前方低速车辆&匝道自车后方低速车辆,无,无,Lowest,60,标签说明,planning::debug_data::scenario_info::ramp_merge_scenario == 4,当前没有scenario_info::ramp_merge_scenario结构体定义，后续会补充
	8-15-5,自车行为用例,前方匝道汇入,主干道自车前方有车&匝道自车前方低速车辆&匝道自车后方高速车辆,无,无,Lowest,60,标签说明,planning::debug_data::scenario_info::ramp_merge_scenario == 5,当前没有scenario_info::ramp_merge_scenario结构体定义，后续会补充
	8-15-6,自车行为用例,前方匝道汇入,主干道自车前方有车&匝道自车前方高速车辆&匝道自车后方低速车辆,无,无,Lowest,60,标签说明,planning::debug_data::scenario_info::ramp_merge_scenario == 6,当前没有scenario_info::ramp_merge_scenario结构体定义，后续会补充
	8-15-7,自车行为用例,前方匝道汇入,主干道自车前方有车&匝道自车前方高速车辆&匝道自车后方高速车辆,无,无,Lowest,60,标签说明,planning::debug_data::scenario_info::ramp_merge_scenario == 7,当前没有scenario_info::ramp_merge_scenario结构体定义，后续会补充
	8-16-0,自车行为用例,坡道行为,前方上坡&自车前方无车,无,无,Lowest,90,标签说明,planning::debug_data::scenario_info::slope_scenario == 0,当前没有scenario_info::slope_scenario结构体定义，后续会补充
	8-16-1,自车行为用例,坡道行为,前方上坡&自车前方有低速车或者跟车目标,无,无,Lowest,90,标签说明,planning::debug_data::scenario_info::slope_scenario == 1,当前没有scenario_info::slope_scenario结构体定义，后续会补充
	8-16-2,自车行为用例,坡道行为,位于上坡&自车前方无车,无,无,Lowest,90,标签说明,planning::debug_data::scenario_info::slope_scenario == 2,当前没有scenario_info::slope_scenario结构体定义，后续会补充
	8-16-3,自车行为用例,坡道行为,位于上坡&自车前方有低速车或者跟车目标,无,无,Lowest,90,标签说明,planning::debug_data::scenario_info::slope_scenario == 3,当前没有scenario_info::slope_scenario结构体定义，后续会补充
	8-16-0,自车行为用例,坡道行为,前方下坡&自车前方无车,无,无,Lowest,90,标签说明,planning::debug_data::scenario_info::slope_scenario == 4,当前没有scenario_info::slope_scenario结构体定义，后续会补充
	8-16-1,自车行为用例,坡道行为,前方下坡&自车前方有低速车或者跟车目标,无,无,Lowest,90,标签说明,planning::debug_data::scenario_info::slope_scenario == 5,当前没有scenario_info::slope_scenario结构体定义，后续会补充
	8-16-2,自车行为用例,坡道行为,位于下坡&自车前方无车,无,无,Lowest,90,标签说明,planning::debug_data::scenario_info::slope_scenario == 6,当前没有scenario_info::slope_scenario结构体定义，后续会补充
	8-16-3,自车行为用例,坡道行为,位于下坡&自车前方有低速车或者跟车目标,无,无,Lowest,90,标签说明,planning::debug_data::scenario_info::slope_scenario == 7,当前没有scenario_info::slope_scenario结构体定义，后续会补充
	8-16-3,自车行为用例,坡道行为,位于下坡&自车前方有低速车或者跟车目标,无,无,Lowest,90,标签说明,planning::debug_data::scenario_info::slope_scenario == 8,当前没有scenario_info::slope_scenario结构体定义，后续会补充
	9-0-0,他车行为用例,cut-in,高速远距离,无,无,Lowest,60,标签说明,ControlDebugMCU2SOC::longctrl_acc_istargetexist==0->1&&ControlDebugMCU2SOC::longctrl_acc_rellongdist>60&&ControlDebugMCU2SOC::longctrl_acc_rellongdist<90&&ControlDebugMCU2SOC::longctrl_acc_rellongvel>3,伪代码，->代表从上一帧变化到下一帧的时刻
	9-0-1,他车行为用例,cut-in,高速近距离,无,无,Lowest,60,标签说明,ControlDebugMCU2SOC::longctrl_acc_istargetexist==0->1&&ControlDebugMCU2SOC::longctrl_acc_rellongdist>10&&ControlDebugMCU2SOC::longctrl_acc_rellongdist<60&&ControlDebugMCU2SOC::longctrl_acc_rellongvel>3,伪代码，->代表从上一帧变化到下一帧的时刻
	9-0-2,他车行为用例,cut-in,低速远距离,无,无,Lowest,60,标签说明,ControlDebugMCU2SOC::longctrl_acc_istargetexist==0->1&&ControlDebugMCU2SOC::longctrl_acc_rellongdist>60&&ControlDebugMCU2SOC::longctrl_acc_rellongdist<90&&ControlDebugMCU2SOC::longctrl_acc_rellongvel<-3,伪代码，->代表从上一帧变化到下一帧的时刻
	9-0-3,他车行为用例,cut-in,低速近距离,无,无,Low,60,标签说明,ControlDebugMCU2SOC::longctrl_acc_istargetexist==0->1&&ControlDebugMCU2SOC::longctrl_acc_rellongdist>10&&ControlDebugMCU2SOC::longctrl_acc_rellongdist<60&&ControlDebugMCU2SOC::longctrl_acc_rellongvel<-3,伪代码，->代表从上一帧变化到下一帧的时刻
	9-0-4,他车行为用例,cut-in,超近距离强塞或被别车,无,无,Medium,60,标签说明,ControlDebugMCU2SOC::longctrl_acc_istargetexist==0->1&&ControlDebugMCU2SOC::longctrl_acc_rellongdist<10,伪代码，->代表从上一帧变化到下一帧的时刻
	9-1-0,他车行为用例,cut-out,切出后本车道无障碍车,无,无,Lowest,60,标签说明
	9-1-1,他车行为用例,cut-out,切出后本车道有障碍车,无,无,Lowest,60,标签说明
	9-2-0,他车行为用例,跟车停止,跟车刹停,无,无,Low,30,标签说明,unknown,待程序逻辑明确后，后续更新表达式
	9-2-1,他车行为用例,跟车停止,识别到静止目标车后停止,无,无,Low,30,标签说明,unknown,待程序逻辑明确后，后续更新表达式
	9-2-2,他车行为用例,跟车停止,跟车刹停-坡道,无,无,Low,30,标签说明,unknown,待程序逻辑明确后，后续更新表达式
	9-3-0,他车行为用例,停车等待与起步,等待时长≤3min前车起步,无,无,Low,30,标签说明,unknown,待程序逻辑明确后，后续更新表达式
	9-3-1,他车行为用例,停车等待与起步,3min＜等待时长≤6min前车起步,无,无,Low,500,标签说明,unknown,待程序逻辑明确后，后续更新表达式
	9-3-2,他车行为用例,停车等待与起步,等待时长＞6min且与前车距离大于5m前车起步,无,无,Low,1000,标签说明,unknown,待程序逻辑明确后，后续更新表达式
	9-3-3,他车行为用例,停车等待与起步,等待时长＞6min且与前车距离小于5m前车起步,无,无,Low,1000,标签说明,unknown,待程序逻辑明确后，后续更新表达式
	10-0-0,基础设施,道路类型,高速公路一般主干路,无,无,Lowest,30,标签说明,zmap_msg::map::lane::type==CITY_DRIVING
	10-0-1,基础设施,道路类型,主干道分流区域,无,无,Medium,0,标签说明,zmap_msg::map::lane::connection_type==SPLIT,根据地图给出信息前后截取一段距离或者一段时间的数据输出
	10-0-2,基础设施,道路类型,主干道汇流区域,无,无,Medium,0,标签说明,zmap_msg::map::lane::connection_type==MERGE,根据地图给出信息前后截取一段距离或者一段时间的数据输出
	10-0-3,基础设施,道路类型,高速公路匝道,无,无,Medium,0,标签说明,zmap_msg::map::lane::type==RAMP_DRIVING,根据地图给出信息前后截取一段距离或者一段时间的数据输出
	10-0-4,基础设施,道路类型,高速入口,无,无,Medium,0,标签说明
	10-0-5,基础设施,道路类型,应急车道,无,无,Medium,0,标签说明,zmap_msg::map::lane::type==EMERGENCY
	10-0-6,基础设施,道路类型,高速公路桥梁,无,无,Medium,0,标签说明,zmap_msg::map::lane::type==BRIDGE
	10-0-7,基础设施,道路类型,高速公路隧道,无,无,high,0,标签说明,zmap_msg::map::lane::type==TUNNEL,根据地图给出信息前后截取一段距离或者一段时间的数据输出
	10-0-8,基础设施,道路类型,服务区,无,无,Medium,0,标签说明
	10-0-9,基础设施,道路类型,收费口,无,无,Medium,0,标签说明,zmap_msg::map::lane::type==TOLLBOOTH
	10-0-10,基础设施,道路类型,应急停车位,无,无,Lowest,30,标签说明
	10-0-11,基础设施,道路类型,城市高架主干路,无,无,Lowest,30,标签说明
	10-0-12,基础设施,道路类型,高架入口,无,无,Lowest,30,标签说明
	10-0-13,基础设施,道路类型,高架匝道,无,无,Lowest,30,标签说明
	10-0-14,基础设施,道路类型,高架汇流分流区域,无,无,Lowest,30,标签说明,unknown,根据地图给出信息前后截取一段距离或者一段时间的数据输出
	10-0-15,基础设施,道路类型,城市地面道路,无,无,Lowest,30,标签说明
	10-0-16,基础设施,道路类型,林荫道,无,无,Lowest,30,标签说明
	10-0-17,基础设施,道路类型,非高速隧道,无,无,Medium,0,标签说明
	10-0-18,基础设施,道路类型,高速桥梁下方(桥洞),无,无,Medium,30,高速上穿过横跨道路的桥洞,zmap_msg::map::lane::type!=TUNNEL&&(localization/pose::status==1||localization/pose::status==5),目前zmap_msg无此字段，根据地图给出信息前后截取一段距离或者一段时间的数据输出
	10-0-19,基础设施,道路类型,高架下道路,无,无,Medium,0,标签说明
	10-1-0,基础设施,道路路面,柏油/水泥路面,无,无,Lowest,30,标签说明
	10-1-1,基础设施,道路路面,砖头/沙土/碎石路面,无,无,Lowest,30,标签说明
	10-1-2,基础设施,道路路面,高速公路减速路钉,无,无,Lowest,30,标签说明
	10-1-3,基础设施,道路路面,洞坑或道路受损,无,无,Lowest,30,标签说明
	10-1-4,基础设施,道路路面,坏路/刮痕路面,无,无,Lowest,30,标签说明
	10-1-5,基础设施,道路路面,减速带,无,无,Lowest,30,标签说明
	10-2-0,基础设施,车道线&道路边缘,清晰车道线,无,无,Lowest,30,标签说明
	10-2-1,基础设施,车道线&道路边缘,双侧没有车道线,无,无,Low,30,标签说明
	10-2-2,基础设施,车道线&道路边缘,单侧没有车道线,无,无,Low,30,标签说明
	10-2-3,基础设施,车道线&道路边缘,车道线异常间断（<100m）,无,无,Low,30,标签说明
	10-2-4,基础设施,车道线&道路边缘,车道线干扰,无,无,Lowest,30,含鱼骨线、填充线、斑马线等
	10-2-5,基础设施,车道线&道路边缘,护栏,无,无,Lowest,30,标签说明
	10-2-6,基础设施,车道线&道路边缘,路肩（沥青/水泥/砂砾/草地/排水沟）,无,无,Lowest,30,标签说明
	10-2-7,基础设施,车道线&道路边缘,路锥/锥桶,无,无,Medium,60,标签说明
	10-2-8,基础设施,车道线&道路边缘,路墩,无,无,Lowest,0,标签说明
	10-3-0,基础设施,道路几何类型,直路,无,无,Lowest,30,标签说明
	10-3-1,基础设施,道路几何类型,弯道,无,无,Lowest,30,高速主干路曲率半径r≥115m，匝道R≥25m,abs(zmap_msg::map::lane::curvature::curve_value)>0.001 && abs(zmap_msg::map::lane::curvature::curve_value)<0.00869,根据地图给出信息前后截取一段距离或者一段时间的数据输出
	10-3-2,基础设施,道路几何类型,坡路,无,无,Lowest,30,高速主干路纵坡i≤7%；排水横坡一般≤2%，曲线超高一般≤8%；匝道TBD,abs(zmap_msg::map::lane::slope::value)>=2 && abs(zmap_msg::map::lane::slope::value)<=7,根据地图给出信息前后截取一段距离或者一段时间的数据输出
	10-3-3,基础设施,道路几何类型,波浪路,无,无,Lowest,30,标签说明
	10-3-4,基础设施,道路几何类型,大转角、盲区,无,无,Lowest,30,标签说明,unknown,根据地图给出信息前后截取一段距离或者一段时间的数据输出
	10-4-0,基础设施,地势条件,平原,无,无,Lowest,30,标签说明,abs(zmap_msg::map::lane::curvature::curve_value)<=0.00154,根据地图曲率范围给出信息前后截取一段距离或者一段时间的数据输出
	10-4-1,基础设施,地势条件,山区,无,无,Lowest,30,标签说明,abs(zmap_msg::map::lane::curvature::curve_value)>0.00154 && abs(zmap_msg::map::lane::curvature::curve_value)<0.004,根据地图曲率范围给出信息前后截取一段距离或者一段时间的数据输出
	11-0-0,目标物信息,标志,限速标识,无,无,Low,30,最高限速、最低限速、解除限速的标志牌或电子限速牌,从视觉感知获得,perception/inner/prefusedobstacles::sensor_id==pano_component&&perception/inner/prefusedobstacles::frame::objects::type==TRAFFICSIGN,伪代码，可能目前还没合进去，计划后续实现
	11-0-1,目标物信息,标志,禁止超车和解除禁止超车标志,无,无,Low,30,标签说明,unknown,目前还不具备此感知功能，计划后续实现
	11-0-2,目标物信息,标志,禁止停车标志,无,无,Low,30,高速上禁止停车标志牌，一般道路禁止停车标志牌和路沿黄色标识,unknown,目前还不具备此感知功能，计划后续实现
	11-0-3,目标物信息,标志,车道类型标志牌,无,无,Lowest,30,标签说明,unknown,目前还不具备此感知功能，计划后续实现
	11-0-4,目标物信息,标志,禁止通行标志牌,无,无,Lowest,30,标签说明,unknown,目前还不具备此感知功能，计划后续实现
	11-0-5,目标物信息,标志,其他交通标志,无,无,Lowest,30,限速、超车、禁停、车道类型、禁行标识外的其他交通标识，包括空中标识牌和地面标识，如停车标志，限高标志，限重标志、减速信号灯等,unknown,目前还不具备此感知功能，计划后续实现
	11-0-6,目标物信息,标志,ETC标志,无,无,Lowest,30,ETC标志、ETC可用和不可用识别,unknown,目前还不具备此感知功能，计划后续实现
	11-0-7,目标物信息,标志,红绿灯,无,无,Lowest,30,包括红灯、绿灯、黄灯、左转、右转、直行灯, perception/inner/prefusedobstacles::sensor_id==pano_component&&perception/inner/prefusedobstacles::frame::objects::type==TRAFFIC_LIGHT,伪代码，能识别，但还未区分交通标识具体类型，可能目前还没合进去，目前还不具备方向感知功能，计划后续实现
	11-1-0,目标物信息,道路用户,合法道路使用车辆,无,无,Lowest,30,包括高速公路的合法道路使用车辆（摩托车，小汽车，轻卡，重卡，巴士，特种车等各种车辆），包括运动状态车辆和静止状态车辆, perception/inner/prefusedobstacles::sensor_id==pano_component&&((perception/inner/prefusedobstacles::frame::objects::type==VEHICLE && (sub_type==ST_CAR || sub_type==ST_VAN || sub_type==ST_TRUCK || sub_type==ST_BUS || ))|| (perception/inner/prefusedobstacles::frame::objects::type==BICYCLE && sub_type==MOTORCYCLIST)),伪代码
	11-1-1,目标物信息,道路用户,应急车辆,无,无,Lowest,30,如消防车、救护车、警车、救援车等应急车辆，包括运动状态车辆和静止状态车辆,unknown,目前还不具备此感知功能，计划后续实现
	11-1-2,目标物信息,道路用户,压线行驶车辆,无,无,high,30,如行驶或静止在应急车道或相邻车道的车辆（包含合法道路使用车辆以及应急车辆），车辆已经压本车道线，甚至侵道,perception/objects::perception_obstacl::::type==VEHICLE && ,伪代码，需要结合视觉、激光、融合信息进行类别、位置、运动状态判断，视觉关键字段
	11-1-3,目标物信息,道路用户,相邻车道的异型车辆,无,无,Medium,30,如超长平板挂、车辆运输车等，需要结合融合信息进行位置判断,ego_lane = hdmap_input_->GetNearestLaneInfo(ego_loc, nearest_s, nearest_l,nearest_lane)&&obstacle.type ==UNNORMAL &&(ego_lane→lane.left_neighbor_forward_lane_id ==obstacle_lane.id|| ego_lane→lane.right_neighbor_forward_lane_id ==obstacle_lane.id), 需要结合视觉、激光、融合信息进行类别、位置判断，目前还不具备此感知功能，计划后续实现，目标在自车车道的左车道或右车道，且类型为异型车辆（视觉提供）
	11-1-4,目标物信息,道路用户,相邻车道的超宽车辆,无,无,high,30,所拖货物已接近压本侧车道线、已压车道线、甚至侵道，需要结合激光、视觉、融合信息进行判断类型、车道情况和车辆宽度,(perception/inner/prefusedobstacles::sensor_id==pano_component&&(perception/inner/prefusedobstacles::frame::objects::type==VEHICLE &&prefusedobstacles::frame::objects::size[1] > 3)) || (perception/inner/PrefusedObjects::sensor_id==velodyne32 && /perception/inner/PrefusedObjects::frame::objects::size[1]>=3),伪代码
	11-2-0,目标物信息,非道路用户,行人,无,无,Lowest,30,如高速公路养护人员、避祸人员, perception/inner/prefusedobstacles::sensor_id==pano_component&&(perception/inner/prefusedobstacles::frame::objects::type==PEDESTRIAN),伪代码
	11-2-1,目标物信息,非道路用户,自行车或电瓶车等,无,无,Lowest,30,两轮自行车或电动车, perception/inner/prefusedobstacles::sensor_id==pano_component&& (perception/inner/prefusedobstacles::frame::objects::type==BICYCLE && (sub_type==CYCLIST || sub_type==TRICYCLIST)),伪代码
	11-2-2,目标物信息,非道路用户,动物,无,无,Lowest,30,标签说明, 目前还不具备此感知功能，计划后续实现
	11-3-0,目标物信息,临时安放标志,施工标志,无,无,Lowest,30,标签说明,目前还不具备此感知功能，计划后续实现
	11-3-1,目标物信息,临时安放标志,三角警示牌,无,无,Lowest,30,标签说明,perception/inner/prefusedobstacles::sensor_id==pano_component&&perception/inner/prefusedobstacles::frame::objects::type==TRAFFICSIGN,伪代码，能识别，但还未区分交通标识具体类型，可能目前还没合进去，计划后续实现
	11-3-2,目标物信息,临时安放标志,不影响本车道车辆行驶的路障,无,无,Lowest,30,含除本车道以外的合法行驶车道内以及应急车道内的锥形桶、路桩、水马、拒马等路障,需要结合融合信息进行位置判断,count(perception/inner/prefusedobstacles::sensor_id==pano_component&&(perception/inner/prefusedobstacles::frame::objects::sub_type==ST_TRAFFICCONE || perception/inner/prefusedobstacles::frame::objects::sub_type==ST_TRAFFICWATERBARRER))≥1 && abs(canbus/chassis::longitude_acc)>0.5,伪代码
	11-3-3,目标物信息,临时安放标志,影响本车道车辆行驶的路障,无,无,High,30,含已经侵入本车道或者压本车所在车道线的锥形桶、路桩、水马、拒马等路障,需要结合融合信息进行位置判断,count(perception/inner/prefusedobstacles::sensor_id==pano_component&&(perception/inner/prefusedobstacles::frame::objects::sub_type==ST_TRAFFICCONE || perception/inner/prefusedobstacles::frame::objects::sub_type==ST_TRAFFICWATERBARRER))≥1 && abs(canbus/chassis::longitude_acc)<0.3 && (GetNearestLaneInfo(obstacle, nearest_s, nearest_l,obstacle_lane)||obstacle_lane.lane().Lane_LaneType==Lane_Self),伪代码
	11-4-0,目标物信息,感知触发条件,卡车数大于等于1或者车辆目标总数大于等于3,无,无,Medium,30,从激光感知获得,也需要从视觉感知获取,perception/inner/prefusedobstacles::sensor_id==pano_component && (count(perception/inner/prefusedobstacles::frame::objects::sub_type==ST_CAR)>=3 || count(perception/inner/prefusedobstacles::frame::objects::sub_type==ST_VAN)>=1 || count(perception/inner/prefusedobstacles::frame::objects::sub_type==ST_TRUCK)>=1 || count(perception/inner/prefusedobstacles::frame::objects::sub_type==ST_BUS)>=1),伪代码
	11-4-1,目标物信息,感知触发条件,路障目标数大于1,无,无,Medium,30,例如锥形桶、路桩、水马、拒马等，从视觉感知获得,count(perception/inner/prefusedobstacles::sensor_id==pano_component&&(perception/inner/prefusedobstacles::frame::objects::sub_type==ST_TRAFFICCONE || perception/inner/prefusedobstacles::frame::objects::sub_type==ST_TRAFFICWATERBARRER))≥1,伪代码
	11-4-2,目标物信息,感知触发条件,标志目标数大于1,无,无,Medium,30,例如施工标志、假车、假人、临时道路指引牌等，目前还不具备此感知功能，计划后续实现
	11-4-3,目标物信息,感知触发条件,激光感知的结果与视觉感知结果差别较大,无,无,Medium,30,从融合获得，较大的定义可以暂定为在规定的前后与左右距离同类型目标数相差1.5倍, 需要结合视觉感知、激光感知和融合结果综合评估, different_ratio(perception_camera_obstacles, perception_lidar_obstacles, specialized_range, obstacle_type) > 1.5,伪代码，有函数，目前只是需求，还未写到代码里
	11-5-0,目标物信息,应急车道目标,位于应急车道的目标,无,无,Medium,30,位于应急车道的目标，从融合获得，目标位于应急车道,GetNearestLaneInfo(obstacle, nearest_s, nearest_l,obstacle_lane)||obstacle_lane.lane().Lane_LaneType==Lane_LaneType_EMERGENCY
	12-0-0,环境条件,天气,晴天,无,无,Lowest,30,包含微风多云等不影响出行的天气,/drivers/horizon_camera::horizon_data::road_information::current_weather==1
	12-0-1,环境条件,天气,阴天,无,无,Lowest,30,标签说明,/drivers/horizon_camera::horizon_data::road_information::current_weather==1
	12-0-2,环境条件,天气,雨天,无,无,Medium,0,标签说明,/drivers/horizon_camera::horizon_data::road_information::current_weather==2
	12-0-3,环境条件,天气,雪天,无,无,High,0,标签说明,/drivers/horizon_camera::horizon_data::road_information::current_weather==3
	12-0-4,环境条件,天气,冰雹,无,无,Low,30,标签说明,/drivers/horizon_camera::horizon_data::road_information::current_weather==2||/drivers/horizon_camera::horizon_data::road_information::current_weather==3||/drivers/horizon_camera::horizon_data::road_information::current_weather==0,目前zic数据无冰雹天气定义，目前先用雨天和大雨天以及未知代替
	12-0-5,环境条件,天气,极端气温,无,无,Low,30,超低温或超高温,/drivers/horizon_camera::horizon_data::road_information::current_weather==0,目前zic数据无极端气温定义，目前先用未知代替
	12-1-0,环境条件,天气引起的道路状况,积水,无,无,Lowest,30,标签说明
	12-1-1,环境条件,天气引起的道路状况,水淹道路,无,无,Lowest,30,标签说明
	12-1-2,环境条件,天气引起的道路状况,冰面道路,无,无,Lowest,30,标签说明
	12-1-3,环境条件,天气引起的道路状况,雪地路面,无,无,Lowest,30,标签说明
	12-2-0,环境条件,颗粒物,雾天,无,无,High,0,标签说明,/drivers/horizon_camera::horizon_data::road_information::current_weather==4
	12-2-1,环境条件,颗粒物,烟尘或霾或粉尘等,无,无,High,0,标签说明,/drivers/horizon_camera::horizon_data::road_information::current_weather==4,目前zic数据无烟尘或霾或粉尘定义，先用雾天代替
	12-3-0,环境条件,照明情况,白天,无,无,Lowest,30,标签说明,/drivers/horizon_camera::horizon_data::road_information::current_time==1
	12-3-1,环境条件,照明情况,黎明,无,无,Lowest,30,标签说明,/drivers/horizon_camera::horizon_data::road_information::current_time==3||/drivers/horizon_camera::horizon_data::road_information::light_type==4,目前zic数据无黎明定义，先用other代替，且无light_type（但是zic中dbc定义里面有，4代表低阳光，需要解析dbc，并在通道显示出来）
	12-3-2,环境条件,照明情况,黄昏,无,无,Lowest,30,标签说明,/drivers/horizon_camera::horizon_data::road_information::current_time==3||/drivers/horizon_camera::horizon_data::road_information::light_type==4,目前zic数据无黎明定义，先用other代替，且无light_type（但是zic中dbc定义里面有，4代表低阳光，需要解析dbc，并在通道显示出来）
	12-3-3,环境条件,照明情况,夜晚,无,无,Lowest,30,标签说明,/drivers/horizon_camera::horizon_data::road_information::current_time==2
	12-3-4,环境条件,照明情况,路灯照明,无,无,Lowest,30,标签说明,/drivers/horizon_camera::horizon_data::road_information::light_type==2,目前zic数据无light_type（但是zic中dbc定义里面有，2代表灯光，需要解析dbc，并在通道显示出来）
	12-3-5,环境条件,照明情况,大灯照明,无,无,Low,30,标签说明,/drivers/horizon_camera::horizon_data::road_information::light_type==3,目前zic数据无light_type（但是zic中dbc定义里面有，3代表强光，先用强光代替，需要解析dbc，并在通道显示出来）
	12-3-6,环境条件,照明情况,ETC强光干扰,无,无,Lowest,30,标签说明,/drivers/horizon_camera::horizon_data::road_information::light_type==3,目前zic数据无light_type（但是zic中dbc定义里面有，3代表强光，先用强光代替，需要解析dbc，并在通道显示出来）
	12-3-7,环境条件,照明情况,对向车辆灯光干扰,无,无,Low,30,标签说明,/drivers/horizon_camera::horizon_data::road_information::light_type==3,目前zic数据无light_type（但是zic中dbc定义里面有，3代表强光，先用强光代替，需要解析dbc，并在通道显示出来）
	12-3-8,环境条件,照明情况,弱光照明,无,无,Low,30,标签说明,/drivers/horizon_camera::horizon_data::road_information::light_type==4,目前zic数据无light_type（但是zic中dbc定义里面有，4代表低阳光，先用此代替，需要解析dbc，并在通道显示出来）
	12-3-9,环境条件,照明情况,无光黑暗条件,无,无,Low,30,标签说明,/drivers/horizon_camera::horizon_data::road_information::light_type==5,目前zic数据无light_type（但是zic中dbc定义里面有，5代表黑暗，需要解析dbc，并在通道显示出来）
	12-3-10,环境条件,车辆密集情况,车辆密集场景,无,无,Medium,30,感知障碍物的总数大于等于10，表明是车辆密集场景，从融合获得，感知障碍物的总数大于等于10,count(perception/obstacles::perception_obstacle)>= 10,伪代码
	13-0-0,区域条件,交通管制区域,临时封闭区域,无,无,Lowest,30,识别禁行区域，自动绕行或请求人工接管,zmap_msg::RoutingRequest::blacklisted_lane==1||zmap_msg::RoutingRequest::blacklisted_road==1||||zmap_msg::Map::clear_area==1||zmap_msg::Map::sweep_zone==1,未找到这些字段
	13-0-1,区域条件,交通管制区域,动态LED交通标志,无,无,Lowest,30,支持识别高速公路上的动态交通标志，临时交通标志信号内容无法识别时请求人工接管,unknown,未找到对应字段
	13-0-2,区域条件,交通管制区域,人工指挥交通,无,无,Low,30,标签说明,count(drivers/horizon_camera::horizon_data::ObstacleData::obstacleclass==2)>5||(count(drivers/horizon_camera::horizon_data::ObstacleData::obstacleclass==2)>1&&count(drivers/horizon_camera::horizon_data::ObstacleData::PedOrientation==4)>1&&(drivers/horizon_camera::horizon_data::ObstacleData::PedOrientation==1||drivers/horizon_camera::horizon_data::ObstacleData::PedOrientation==4)),伪代码
	13-0-3,区域条件,交通管制区域,交通事故,无,无,Low,30,标签说明,unknown,待后续更新
